die,average
1d4,3
1d6,4.16666666666
1d8,5.25
1d10,6.30
1d12,7.3333333333